{
    "name": "PlayerAnimation/DashIn/DashIn_NW.png",
    "width": 576,
    "height": 174,
    "sprites": [
        {
            "name": "DashIn_135_000",
            "x": 0.0,
            "y": 0.0,
            "width": 192.0,
            "height": 174.0,
            "pivotX": 0.5156000256538391,
            "pivotY": 0.833299994468689
        },
        {
            "name": "DashIn_135_001",
            "x": 192.0,
            "y": 0.0,
            "width": 192.0,
            "height": 174.0,
            "pivotX": 0.5156000256538391,
            "pivotY": 0.833299994468689
        },
        {
            "name": "DashIn_135_002",
            "x": 384.0,
            "y": 0.0,
            "width": 192.0,
            "height": 174.0,
            "pivotX": 0.5156000256538391,
            "pivotY": 0.833299994468689
        }
    ]
}