{
    "circles": [
        {
            "offset": {
                "x": -145.59999084472656,
                "y": 330.1999816894531
            },
            "radius": 175.5
        },
        {
            "offset": {
                "x": 20.799999237060547,
                "y": 416.0
            },
            "radius": 169.0
        },
        {
            "offset": {
                "x": 226.1999969482422,
                "y": 289.8999938964844
            },
            "radius": 180.6999969482422
        },
        {
            "offset": {
                "x": 444.5999755859375,
                "y": 154.6999969482422
            },
            "radius": 201.5
        }
    ],
    "pivot": {
        "x": 0.3499999940395355,
        "y": 0.6499999761581421
    }
}