{
    "circles": [
        {
            "offset": {
                "x": -105.0,
                "y": 130.0
            },
            "radius": 185.0
        },
        {
            "offset": {
                "x": 85.0,
                "y": 137.0
            },
            "radius": 200.0
        },
        {
            "offset": {
                "x": -194.0,
                "y": 246.0
            },
            "radius": 97.0
        },
        {
            "offset": {
                "x": 185.39999389648438,
                "y": 270.0
            },
            "radius": 103.5
        }
    ],
    "pivot": {
        "x": 0.5,
        "y": 0.7699999809265137
    }
}