{
    "circles": [
        {
            "offset": {
                "x": 0.0,
                "y": 125.0
            },
            "radius": 260.0
        },
        {
            "offset": {
                "x": -20.0,
                "y": 380.0
            },
            "radius": 245.0
        },
        {
            "offset": {
                "x": -164.1999969482422,
                "y": 260.0
            },
            "radius": 97.30000305175781
        },
        {
            "offset": {
                "x": 154.39999389648438,
                "y": 232.0
            },
            "radius": 108.5
        }
    ],
    "pivot": {
        "x": 0.5,
        "y": 0.800000011920929
    }
}