{
    "CurrentBGMVolume": 0.10000000149011612,
    "CurrentMasterVolume": 0.30000001192092896,
    "CurrentSFXVolume": 0.30000001192092896,
    "DefaultBGMVolume": 0.5,
    "DefaultMasterVolume": 0.5,
    "DefaultSFXVolume": 0.5
}