{
    "name": "PlayerAnimation/DashEnd/DashEnd_NE.png",
    "width": 404,
    "height": 193,
    "sprites": [
        {
            "name": "DashEnd_45_000",
            "x": 0.0,
            "y": 0.0,
            "width": 202.0,
            "height": 193.0,
            "pivotX": 0.4505000114440918,
            "pivotY": 0.7565000057220459
        },
        {
            "name": "DashEnd_45_001",
            "x": 202.0,
            "y": 0.0,
            "width": 202.0,
            "height": 193.0,
            "pivotX": 0.4505000114440918,
            "pivotY": 0.7565000057220459
        }
    ]
}