{
    "name": "PlayerAnimation/DashEnd/DashEnd_N.png",
    "width": 314,
    "height": 170,
    "sprites": [
        {
            "name": "DashEnd_90_000",
            "x": 0.0,
            "y": 0.0,
            "width": 157.0,
            "height": 170.0,
            "pivotX": 0.5795999765396118,
            "pivotY": 0.805899977684021
        },
        {
            "name": "DashEnd_90_001",
            "x": 157.0,
            "y": 0.0,
            "width": 157.0,
            "height": 170.0,
            "pivotX": 0.5795999765396118,
            "pivotY": 0.805899977684021
        }
    ]
}