{
    "name": "PlayerAnimation/DashIn/DashIn_E.png",
    "width": 723,
    "height": 187,
    "sprites": [
        {
            "name": "DashIn_0_000",
            "x": 0.0,
            "y": 0.0,
            "width": 241.0,
            "height": 187.0,
            "pivotX": 0.4065999984741211,
            "pivotY": 0.8235000371932983
        },
        {
            "name": "DashIn_0_001",
            "x": 241.0,
            "y": 0.0,
            "width": 241.0,
            "height": 187.0,
            "pivotX": 0.4065999984741211,
            "pivotY": 0.8235000371932983
        },
        {
            "name": "DashIn_0_002",
            "x": 482.0,
            "y": 0.0,
            "width": 241.0,
            "height": 187.0,
            "pivotX": 0.4065999984741211,
            "pivotY": 0.8235000371932983
        }
    ]
}