{
    "name": "PlayerAnimation/DashIn/DashIn_N.png",
    "width": 471,
    "height": 174,
    "sprites": [
        {
            "name": "DashIn_90_000",
            "x": 0.0,
            "y": 0.0,
            "width": 157.0,
            "height": 174.0,
            "pivotX": 0.5795999765396118,
            "pivotY": 0.7874000072479248
        },
        {
            "name": "DashIn_90_001",
            "x": 157.0,
            "y": 0.0,
            "width": 157.0,
            "height": 174.0,
            "pivotX": 0.5795999765396118,
            "pivotY": 0.7874000072479248
        },
        {
            "name": "DashIn_90_002",
            "x": 314.0,
            "y": 0.0,
            "width": 157.0,
            "height": 174.0,
            "pivotX": 0.5795999765396118,
            "pivotY": 0.7874000072479248
        }
    ]
}