{
    "circles": [
        {
            "offset": {
                "x": -110.0,
                "y": 110.0
            },
            "radius": 173.0
        },
        {
            "offset": {
                "x": 160.0,
                "y": 78.0
            },
            "radius": 120.0
        },
        {
            "offset": {
                "x": 10.800000190734863,
                "y": 257.0
            },
            "radius": 97.30000305175781
        },
        {
            "offset": {
                "x": 90.4000015258789,
                "y": 196.0
            },
            "radius": 108.5
        }
    ],
    "pivot": {
        "x": 0.5,
        "y": 0.7250000238418579
    }
}