{
    "name": "PlayerAnimation/WalkIn/WalkIn_SW.png",
    "width": 618,
    "height": 202,
    "sprites": [
        {
            "name": "WalkIn_225_000",
            "x": 0.0,
            "y": 0.0,
            "width": 206.0,
            "height": 202.0,
            "pivotX": 0.7136000394821167,
            "pivotY": 0.7623999714851379
        },
        {
            "name": "WalkIn_225_001",
            "x": 206.0,
            "y": 0.0,
            "width": 206.0,
            "height": 202.0,
            "pivotX": 0.7136000394821167,
            "pivotY": 0.7623999714851379
        },
        {
            "name": "WalkIn_225_002",
            "x": 412.0,
            "y": 0.0,
            "width": 206.0,
            "height": 202.0,
            "pivotX": 0.7136000394821167,
            "pivotY": 0.7623999714851379
        }
    ]
}