{
    "name": "PlayerAnimation/WalkIn/WalkIn_E.png",
    "width": 720,
    "height": 186,
    "sprites": [
        {
            "name": "WalkIn_0_000",
            "x": 0.0,
            "y": 0.0,
            "width": 240.0,
            "height": 186.0,
            "pivotX": 0.39169999957084656,
            "pivotY": 0.8226000070571899
        },
        {
            "name": "WalkIn_0_001",
            "x": 240.0,
            "y": 0.0,
            "width": 240.0,
            "height": 186.0,
            "pivotX": 0.39169999957084656,
            "pivotY": 0.8226000070571899
        },
        {
            "name": "WalkIn_0_002",
            "x": 480.0,
            "y": 0.0,
            "width": 240.0,
            "height": 186.0,
            "pivotX": 0.39169999957084656,
            "pivotY": 0.8226000070571899
        }
    ]
}