{
    "name": "DashIn_W.png",
    "width": 672,
    "height": 177,
    "sprites": [
        {
            "name": "DashIn_180_000",
            "x": 0.0,
            "y": 0.0,
            "width": 224.0,
            "height": 177.0,
            "pivotX": 0.7009000182151794,
            "pivotY": 0.8587999939918518
        },
        {
            "name": "DashIn_180_001",
            "x": 224.0,
            "y": 0.0,
            "width": 224.0,
            "height": 177.0,
            "pivotX": 0.7009000182151794,
            "pivotY": 0.8587999939918518
        },
        {
            "name": "DashIn_180_002",
            "x": 448.0,
            "y": 0.0,
            "width": 224.0,
            "height": 177.0,
            "pivotX": 0.7009000182151794,
            "pivotY": 0.8587999939918518
        }
    ]
}