{
    "name": "DashIn_SE.png",
    "width": 624,
    "height": 221,
    "sprites": [
        {
            "name": "DashIn_315_000",
            "x": 0.0,
            "y": 0.0,
            "width": 208.0,
            "height": 221.0,
            "pivotX": 0.5480999946594238,
            "pivotY": 0.7059000134468079
        },
        {
            "name": "DashIn_315_001",
            "x": 208.0,
            "y": 0.0,
            "width": 208.0,
            "height": 221.0,
            "pivotX": 0.5480999946594238,
            "pivotY": 0.7059000134468079
        },
        {
            "name": "DashIn_315_002",
            "x": 416.0,
            "y": 0.0,
            "width": 208.0,
            "height": 221.0,
            "pivotX": 0.5480999946594238,
            "pivotY": 0.7059000134468079
        }
    ]
}