{
    "name": "DashIn_SW.png",
    "width": 603,
    "height": 200,
    "sprites": [
        {
            "name": "DashIn_225_000",
            "x": 0.0,
            "y": 0.0,
            "width": 201.0,
            "height": 200.0,
            "pivotX": 0.7163999676704407,
            "pivotY": 0.7699999809265137
        },
        {
            "name": "DashIn_225_001",
            "x": 201.0,
            "y": 0.0,
            "width": 201.0,
            "height": 200.0,
            "pivotX": 0.7163999676704407,
            "pivotY": 0.7699999809265137
        },
        {
            "name": "DashIn_225_002",
            "x": 402.0,
            "y": 0.0,
            "width": 201.0,
            "height": 200.0,
            "pivotX": 0.7163999676704407,
            "pivotY": 0.7699999809265137
        }
    ]
}