{
    "name": "DashIn_NE.png",
    "width": 618,
    "height": 195,
    "sprites": [
        {
            "name": "DashIn_45_000",
            "x": 0.0,
            "y": 0.0,
            "width": 206.0,
            "height": 195.0,
            "pivotX": 0.4708999991416931,
            "pivotY": 0.748699963092804
        },
        {
            "name": "DashIn_45_001",
            "x": 206.0,
            "y": 0.0,
            "width": 206.0,
            "height": 195.0,
            "pivotX": 0.4708999991416931,
            "pivotY": 0.748699963092804
        },
        {
            "name": "DashIn_45_002",
            "x": 412.0,
            "y": 0.0,
            "width": 206.0,
            "height": 195.0,
            "pivotX": 0.4708999991416931,
            "pivotY": 0.748699963092804
        }
    ]
}