{
    "circles": [
        {
            "offset": {
                "x": 250.0,
                "y": 100.0
            },
            "radius": 190.0
        },
        {
            "offset": {
                "x": 120.0,
                "y": 208.0
            },
            "radius": 150.0
        },
        {
            "offset": {
                "x": 225.0,
                "y": 215.0
            },
            "radius": 100.0
        },
        {
            "offset": {
                "x": 405.3999938964844,
                "y": 10.0
            },
            "radius": 40.0
        }
    ],
    "pivot": {
        "x": 0.5,
        "y": 0.7599999904632568
    }
}