{
    "circles": [
        {
            "offset": {
                "x": 240.0,
                "y": 360.0
            },
            "radius": 375.0
        },
        {
            "offset": {
                "x": 165.0,
                "y": 540.0
            },
            "radius": 245.0
        },
        {
            "offset": {
                "x": 385.0,
                "y": 120.0
            },
            "radius": 230.0
        },
        {
            "offset": {
                "x": 504.3999938964844,
                "y": 200.0
            },
            "radius": 108.5
        }
    ],
    "pivot": {
        "x": 0.5,
        "y": 0.8349999785423279
    }
}