{
    "circles": [
        {
            "offset": {
                "x": -270.0,
                "y": 100.0
            },
            "radius": 160.0
        },
        {
            "offset": {
                "x": -190.0,
                "y": 200.0
            },
            "radius": 150.0
        },
        {
            "offset": {
                "x": -2.200000047683716,
                "y": 158.0
            },
            "radius": 130.3000030517578
        },
        {
            "offset": {
                "x": -105.0,
                "y": 240.0
            },
            "radius": 103.5
        }
    ],
    "pivot": {
        "x": 0.5,
        "y": 0.5600000023841858
    }
}