{
    "circles": [
        {
            "offset": {
                "x": -123.0,
                "y": 153.0
            },
            "radius": 250.0
        },
        {
            "offset": {
                "x": 110.0,
                "y": 110.0
            },
            "radius": 250.0
        },
        {
            "offset": {
                "x": -2.200000047683716,
                "y": 279.0
            },
            "radius": 205.3000030517578
        },
        {
            "offset": {
                "x": 220.39999389648438,
                "y": 333.0
            },
            "radius": 138.5
        }
    ],
    "pivot": {
        "x": 0.5,
        "y": 0.7300000190734863
    }
}