{
    "circles": [
        {
            "offset": {
                "x": -188.0,
                "y": 224.0
            },
            "radius": 340.0
        },
        {
            "offset": {
                "x": 196.0,
                "y": 346.0
            },
            "radius": 340.0
        },
        {
            "offset": {
                "x": -118.19999694824219,
                "y": 408.0
            },
            "radius": 200.3000030517578
        },
        {
            "offset": {
                "x": -375.0,
                "y": 400.0
            },
            "radius": 150.0
        }
    ],
    "pivot": {
        "x": 0.5,
        "y": 0.699999988079071
    }
}